title,company,location,salary,contract_type,experience,url,search_term
N/A,N/A,N/A,N/A,N/A,N/A,,software engineer spain
N/A,N/A,N/A,N/A,N/A,N/A,,software engineer spain
N/A,N/A,N/A,N/A,N/A,N/A,,software engineer spain
N/A,N/A,N/A,N/A,N/A,N/A,,software engineer spain
N/A,N/A,N/A,N/A,N/A,N/A,,software engineer spain
N/A,N/A,N/A,N/A,N/A,N/A,,software engineer spain
N/A,N/A,N/A,N/A,N/A,N/A,,software engineer spain
N/A,N/A,N/A,N/A,N/A,N/A,,software engineer spain
N/A,N/A,N/A,N/A,N/A,N/A,,software engineer spain
N/A,N/A,N/A,N/A,N/A,N/A,,software engineer spain
N/A,N/A,N/A,N/A,N/A,N/A,,software engineer spain
N/A,N/A,N/A,N/A,N/A,N/A,,software engineer spain
N/A,N/A,N/A,N/A,N/A,N/A,,software engineer spain
N/A,N/A,N/A,N/A,N/A,N/A,,software engineer spain
N/A,N/A,N/A,N/A,N/A,N/A,,software engineer spain
N/A,N/A,N/A,N/A,N/A,N/A,,software engineer spain
N/A,N/A,N/A,N/A,N/A,N/A,,software engineer spain
N/A,N/A,N/A,N/A,N/A,N/A,,software engineer spain
N/A,N/A,N/A,N/A,N/A,N/A,,software engineer spain
N/A,N/A,N/A,N/A,N/A,N/A,,software engineer spain
N/A,N/A,N/A,N/A,N/A,N/A,,software engineer spain
N/A,N/A,N/A,N/A,N/A,N/A,,software engineer spain
N/A,N/A,N/A,N/A,N/A,N/A,,software engineer spain
N/A,N/A,N/A,N/A,N/A,N/A,,software engineer spain
N/A,N/A,N/A,N/A,N/A,N/A,,software engineer spain
N/A,N/A,N/A,N/A,N/A,N/A,,software engineer spain
N/A,N/A,N/A,N/A,N/A,N/A,,software engineer spain
N/A,N/A,N/A,N/A,N/A,N/A,,software engineer spain
N/A,N/A,N/A,N/A,N/A,N/A,,software engineer spain
N/A,N/A,N/A,N/A,N/A,N/A,,software engineer spain
N/A,N/A,N/A,N/A,N/A,N/A,,software engineer spain
N/A,N/A,N/A,N/A,N/A,N/A,,software engineer spain
N/A,N/A,N/A,N/A,N/A,N/A,,software engineer spain
N/A,N/A,N/A,N/A,N/A,N/A,,software engineer spain
N/A,N/A,N/A,N/A,N/A,N/A,,software engineer spain
N/A,N/A,N/A,N/A,N/A,N/A,,software engineer spain
N/A,N/A,N/A,N/A,N/A,N/A,,software engineer spain
N/A,N/A,N/A,N/A,N/A,N/A,,software engineer spain
N/A,N/A,N/A,N/A,N/A,N/A,,software engineer spain
N/A,N/A,N/A,N/A,N/A,N/A,,software engineer spain
N/A,N/A,N/A,N/A,N/A,N/A,,software engineer spain
N/A,N/A,N/A,N/A,N/A,N/A,,software engineer spain
